Time,Latitude,Longitude, Image Name
17/04/2022 21:50:38,51.73740709940182,-172.36807609258614,img_1.jpg
17/04/2022 21:51:03,51.79419619387958,-169.78117059597585,img_2.jpg
17/04/2022 21:51:29,51.78979595078639,-167.2342683131518,img_3.jpg
17/04/2022 21:51:54,51.72569244899723,-164.69180686695663,img_4.jpg
17/04/2022 21:52:20,51.599930358965054,-162.12306739942838,img_5.jpg
17/04/2022 21:52:46,51.41320663059637,-159.56780412280216,img_6.jpg
17/04/2022 21:53:12,51.166586691915064,-157.03754765759356,img_7.jpg
17/04/2022 21:53:38,50.86145121702701,-154.540275133792,img_8.jpg
17/04/2022 21:54:03,50.5045631245937,-152.11450860768264,img_9.jpg
17/04/2022 21:54:29,50.086857877088065,-149.6934973613929,img_10.jpg
17/04/2022 21:54:55,49.616154463821516,-147.3238006803271,img_11.jpg
17/04/2022 21:55:20,49.09996054733883,-145.0309025743769,img_12.jpg
17/04/2022 21:55:46,48.53558146360038,-142.7917919514185,img_13.jpg
17/04/2022 21:56:11,47.92414258636637,-140.60505222538993,img_14.jpg
17/04/2022 21:56:37,47.259131519079595,-138.44607959576518,img_15.jpg
17/04/2022 21:57:03,46.5610298516326,-136.3751235084071,img_16.jpg
17/04/2022 21:57:28,45.82226825796604,-134.36012162850878,img_17.jpg
17/04/2022 21:57:54,45.03275341972104,-132.37184310992095,img_18.jpg
17/04/2022 21:58:19,44.22017859739664,-130.47412588462043,img_19.jpg
17/04/2022 21:58:45,43.374686220479845,-128.63463426871425,img_20.jpg
17/04/2022 21:59:10,42.49483606260772,-126.8452423696948,img_21.jpg
17/04/2022 21:59:36,41.58450968168559,-125.10924862922707,img_22.jpg
17/04/2022 22:00:01,40.64473694203341,-123.42387056088887,img_23.jpg
17/04/2022 22:00:27,39.67608258624983,-121.78581763295962,img_24.jpg
17/04/2022 22:00:52,38.682165394640535,-120.1969088810649,img_25.jpg
17/04/2022 22:01:18,37.65046895501549,-118.63445917504964,img_26.jpg
17/04/2022 22:01:44,36.61322868223626,-117.14270771607627,img_27.jpg
17/04/2022 22:02:09,35.55439665885386,-115.69275892728194,img_28.jpg
17/04/2022 22:02:34,34.47251487052826,-114.27924875381323,img_29.jpg
17/04/2022 22:03:00,33.372551886900325,-112.90534540217054,img_30.jpg
17/04/2022 22:03:25,32.25804955942642,-111.5717974680154,img_31.jpg
17/04/2022 22:03:51,31.124406165827512,-110.26986406732443,img_32.jpg
17/04/2022 22:04:16,29.97607282730929,-109.00174679211091,img_33.jpg
17/04/2022 22:04:42,28.81141391304164,-107.76279979696152,img_34.jpg
17/04/2022 22:05:07,27.635247348032223,-106.55537568409162,img_35.jpg
17/04/2022 22:05:33,26.446075298196583,-105.37521505831543,img_36.jpg
17/04/2022 22:05:58,25.246552788016075,-104.22240123924624,img_37.jpg
17/04/2022 22:06:24,24.036299605952646,-103.09411214940233,img_38.jpg
17/04/2022 22:06:49,22.814562963172758,-101.987416963577,img_39.jpg
17/04/2022 22:07:15,21.586704651042567,-100.90492921926896,img_40.jpg
17/04/2022 22:07:40,20.351625586524975,-99.84344426849898,img_41.jpg
17/04/2022 22:08:06,19.087015122159634,-98.78240994190229,img_42.jpg
17/04/2022 22:08:32,17.83018725162814,-97.75138499937879,img_43.jpg
17/04/2022 22:08:57,16.56876316331185,-96.73788019258758,img_44.jpg
17/04/2022 22:09:23,15.302067748227493,-95.73950886158609,img_45.jpg
17/04/2022 22:09:49,14.010212098863708,-94.73927037594373,img_46.jpg
17/04/2022 22:10:14,12.731977711201043,-93.76554156188023,img_47.jpg
17/04/2022 22:10:40,11.452019016363538,-92.80463441171382,img_48.jpg
17/04/2022 22:11:05,10.166571429573636,-91.85215767976656,img_49.jpg
17/04/2022 22:11:31,8.879856462239013,-90.90973032308715,img_50.jpg
17/04/2022 22:11:56,7.59150225695065,-89.97557575218555,img_51.jpg
17/04/2022 22:12:22,6.279500470639809,-89.03248562785095,img_52.jpg
17/04/2022 22:12:48,4.9838852751423195,-88.10783872441348,img_53.jpg
17/04/2022 22:13:13,3.6883934102257396,-87.18848429288637,img_54.jpg
17/04/2022 22:13:39,2.3718701204937527,-86.25811738250438,img_55.jpg
17/04/2022 22:14:04,1.075297448688392,-85.34433019657467,img_56.jpg
17/04/2022 22:14:30,-0.22441183446768342,-84.42944899886184,img_57.jpg
17/04/2022 22:14:55,-1.5226749673137434,-83.51536140707059,img_58.jpg
17/04/2022 22:15:21,-2.823414856204407,-82.59795869405012,img_59.jpg
17/04/2022 22:15:46,-4.120892091922831,-81.67993855211424,img_60.jpg
17/04/2022 22:16:12,-5.435713074248906,-80.74527142929861,img_61.jpg
17/04/2022 22:16:38,-6.726248257593252,-79.82218893984451,img_62.jpg
17/04/2022 22:17:03,-8.013165787393286,-78.8946817834531,img_63.jpg
17/04/2022 22:17:29,-9.300882908939888,-77.95814534274217,img_64.jpg
17/04/2022 22:17:54,-10.589342305928582,-77.01110602432203,img_65.jpg
17/04/2022 22:18:20,-11.87432218958768,-76.05513907127077,img_66.jpg
17/04/2022 22:18:45,-13.151251551597378,-75.09218396722038,img_67.jpg
17/04/2022 22:19:11,-14.44433542081563,-74.10212870082157,img_68.jpg
17/04/2022 22:19:37,-15.728323795783329,-73.1023508378284,img_69.jpg
17/04/2022 22:20:02,-16.98821167484568,-72.10329023929691,img_70.jpg
17/04/2022 22:20:28,-18.240633365637773,-71.0904665812414,img_71.jpg
17/04/2022 22:20:53,-19.484768698512468,-70.06284615670549,img_72.jpg
17/04/2022 22:21:19,-20.723746063162224,-69.01598943658357,img_73.jpg
17/04/2022 22:21:44,-21.953416406778356,-67.95146346315813,img_74.jpg
17/04/2022 22:22:11,-23.23279011447173,-66.81416805740969,img_75.jpg
17/04/2022 22:22:37,-24.500745697919207,-65.65404013472181,img_76.jpg
17/04/2022 22:23:04,-25.759632841240265,-64.466369033501,img_77.jpg
17/04/2022 22:23:31,-27.02017511995499,-63.23763980829689,img_78.jpg
17/04/2022 22:23:58,-28.247710252081127,-61.99914483865755,img_79.jpg
17/04/2022 22:24:24,-29.451343212836882,-60.740381342225334,img_80.jpg
17/04/2022 22:24:51,-30.654652541299868,-59.433394950533504,img_81.jpg
17/04/2022 22:25:17,-31.839270929271585,-58.094197129469464,img_82.jpg
17/04/2022 22:25:43,-32.99078669961961,-56.73703530310283,img_83.jpg
17/04/2022 22:26:10,-34.15817993470907,-55.299173997345804,img_84.jpg
17/04/2022 22:26:37,-35.284016593293174,-53.846583569342755,img_85.jpg
17/04/2022 22:27:03,-36.37520319099627,-52.369636137235325,img_86.jpg
17/04/2022 22:27:29,-37.444970118034725,-50.84771697297353,img_87.jpg
17/04/2022 22:27:55,-38.48788872385522,-49.28473130191636,img_88.jpg
17/04/2022 22:28:22,-39.52063589885518,-47.64987242472595,img_89.jpg
17/04/2022 22:28:48,-40.51118367191738,-45.98937192717319,img_90.jpg
17/04/2022 22:29:14,-41.487508377551784,-44.251567225051986,img_91.jpg
17/04/2022 22:29:41,-42.4324639085665,-42.45971919080299,img_92.jpg
17/04/2022 22:30:07,-43.332550752735834,-40.63664790117401,img_93.jpg
17/04/2022 22:30:33,-44.200051510475326,-38.75439223252747,img_94.jpg
17/04/2022 22:31:00,-45.05302612474976,-36.762591801803886,img_95.jpg
17/04/2022 22:31:26,-45.84534778954298,-34.76331161032255,img_96.jpg
17/04/2022 22:31:52,-46.59803426938757,-32.703804131697844,img_97.jpg
17/04/2022 22:32:18,-47.316410480656636,-30.5603974587685,img_98.jpg
17/04/2022 22:32:45,-47.983298384631844,-28.37764801884133,img_99.jpg
17/04/2022 22:33:12,-48.619156518681656,-26.07678628430932,img_100.jpg
17/04/2022 22:33:38,-49.18727355376788,-23.78536247368207,img_101.jpg
17/04/2022 22:34:04,-49.704063310496714,-21.442583566439538,img_102.jpg
17/04/2022 22:34:30,-50.16795046512453,-19.049858329932686,img_103.jpg
17/04/2022 22:34:56,-50.58314104873237,-16.571487161976783,img_104.jpg
17/04/2022 22:35:23,-50.94339210371041,-14.023116930788207,img_105.jpg
17/04/2022 22:35:50,-51.23861496272011,-11.471983270258832,img_106.jpg
17/04/2022 22:36:16,-51.473436831556306,-8.880369032123822,img_107.jpg
17/04/2022 22:36:42,-51.643143568821685,-6.308186285994782,img_108.jpg
17/04/2022 22:37:09,-51.752556614789114,-3.677673950236063,img_109.jpg
17/04/2022 22:37:35,-51.79767302854884,-1.077925985656896,img_110.jpg
17/04/2022 22:38:01,-51.78044830392569,1.5213893878718272,img_111.jpg
17/04/2022 22:38:27,-51.701081207072036,4.1137159211644665,img_112.jpg
17/04/2022 22:38:54,-51.55492298925565,6.768057567775231,img_113.jpg
17/04/2022 22:39:20,-51.347840812322964,9.36053903066169,img_114.jpg
17/04/2022 22:39:46,-51.08289227440255,11.892804835873376,img_115.jpg
17/04/2022 22:40:13,-50.74848822389233,14.466008093795965,img_116.jpg
17/04/2022 22:40:40,-50.35937135296631,16.96161018541249,img_117.jpg
17/04/2022 22:41:06,-49.91926213477316,19.379368248562855,img_118.jpg
17/04/2022 22:41:32,-49.41694158056197,21.78588010826556,img_119.jpg
17/04/2022 22:41:59,-48.86323541856008,24.129975849129504,img_120.jpg
17/04/2022 22:42:25,-48.267119403176004,26.387097600964974,img_121.jpg
17/04/2022 22:42:51,-47.61496971497137,28.61546599000409,img_122.jpg
17/04/2022 22:43:17,-46.92411525942393,30.7613754411101,img_123.jpg
17/04/2022 22:43:44,-46.17721161784085,32.883121557196255,img_124.jpg
17/04/2022 22:44:10,-45.39120299450827,34.935247967466594,img_125.jpg
17/04/2022 22:44:37,-44.55308652311574,36.95528562337793,img_126.jpg
17/04/2022 22:45:04,-43.69695909315266,38.86908432613366,img_127.jpg
17/04/2022 22:45:30,-42.79546191870978,40.74620644004923,img_128.jpg
17/04/2022 22:45:56,-41.86196888334759,42.5624852461853,img_129.jpg
17/04/2022 22:46:23,-40.89693417847829,44.322787178066726,img_130.jpg
17/04/2022 22:46:49,-39.91751252431411,46.00346739255765,img_131.jpg
17/04/2022 22:47:15,-38.89573820365381,47.65752104861343,img_132.jpg
17/04/2022 22:47:42,-37.86195912033864,49.240271867476004,img_133.jpg
17/04/2022 22:48:08,-36.803628782678544,50.77707087462187,img_134.jpg
17/04/2022 22:48:34,-35.72217378307703,52.26991235218691,img_135.jpg
17/04/2022 22:49:00,-34.62295077504,53.71566821731359,img_136.jpg
17/04/2022 22:49:26,-33.48344663823546,55.14625128771729,img_137.jpg
17/04/2022 22:49:52,-32.34560563059811,56.512642932875835,img_138.jpg
17/04/2022 22:50:19,-31.187762395905402,57.845756654671355,img_139.jpg
17/04/2022 22:50:45,-30.016598581646274,59.14116471568629,img_140.jpg
17/04/2022 22:51:11,-28.81484793070716,60.42030157875032,img_141.jpg
17/04/2022 22:51:37,-27.595471077661472,61.67127777686602,img_142.jpg
17/04/2022 22:52:04,-26.366880136743976,62.888427660843206,img_143.jpg
17/04/2022 22:52:30,-25.122142748724688,64.08142590927055,img_144.jpg
17/04/2022 22:52:56,-23.884149191336782,65.23159800433973,img_145.jpg
17/04/2022 22:53:23,-22.61527327139773,66.37631919933749,img_146.jpg
17/04/2022 22:53:49,-21.35636483334315,67.48105076436525,img_147.jpg
17/04/2022 22:54:15,-20.072216133197777,68.5790955458515,img_148.jpg
17/04/2022 22:54:42,-18.7794296781396,69.65788892328015,img_149.jpg
17/04/2022 22:55:08,-17.49303688265532,70.70736949602005,img_150.jpg
17/04/2022 22:55:34,-16.204208490347217,71.73720117058122,img_151.jpg
17/04/2022 22:56:01,-14.887803357488561,72.76896977003373,img_152.jpg
17/04/2022 22:56:27,-13.588943609767677,73.76916547615369,img_153.jpg
17/04/2022 22:56:53,-12.282767274795157,74.75910408593793,img_154.jpg
17/04/2022 22:57:19,-10.972200806505834,75.73820637758278,img_155.jpg
17/04/2022 22:57:45,-9.638927508029363,76.7215287354132,img_156.jpg
17/04/2022 22:58:12,-8.297913527549987,77.6993627451387,img_157.jpg
17/04/2022 22:58:38,-6.950529778779738,78.6722526260996,img_158.jpg
17/04/2022 22:59:04,-5.62387140134958,79.62240314631121,img_159.jpg
17/04/2022 22:59:30,-4.297758391045055,80.5659974743266,img_160.jpg
17/04/2022 22:59:56,-2.9678523281215723,81.50760149258839,img_161.jpg
17/04/2022 23:00:22,-1.6373093689750358,82.44643210264353,img_162.jpg
17/04/2022 23:00:49,-0.3071279379899424,83.38323873551526,img_163.jpg
17/04/2022 23:01:15,1.0223467506879576,84.31922215306638,img_164.jpg
17/04/2022 23:01:41,2.3565281777828155,85.25964028129908,img_165.jpg
17/04/2022 23:02:07,3.6931162898198204,86.20434524422939,img_166.jpg
17/04/2022 23:02:34,5.071540811968314,87.18290850022086,img_167.jpg
17/04/2022 23:03:01,6.426911900968619,88.15094555769089,img_168.jpg
17/04/2022 23:03:27,7.759739982822085,89.11010790683821,img_169.jpg
17/04/2022 23:03:53,9.085531738266644,90.07289796208022,img_170.jpg
17/04/2022 23:04:19,10.422494810314339,91.0542309817542,img_171.jpg
17/04/2022 23:04:46,11.758898560210726,92.04735469220626,img_172.jpg
17/04/2022 23:05:12,13.071146727478288,93.03616396224255,img_173.jpg
17/04/2022 23:05:39,14.41408434454224,94.06400705425689,img_174.jpg
17/04/2022 23:06:05,15.71288853474166,95.07532417240701,img_175.jpg
17/04/2022 23:06:32,17.031864237128698,96.12180466177168,img_176.jpg
17/04/2022 23:06:58,18.33702274065499,97.17883516119393,img_177.jpg
17/04/2022 23:07:24,19.622082481254242,98.24281040644595,img_178.jpg
17/04/2022 23:07:49,20.86052889616971,99.29230513646814,img_179.jpg
17/04/2022 23:08:15,22.110134159177292,100.37771242059836,img_180.jpg
17/04/2022 23:08:41,23.33555272942003,101.47051115544716,img_181.jpg
17/04/2022 23:09:06,24.55460396767473,102.58831813107106,img_182.jpg
17/04/2022 23:09:32,25.764815444645812,103.73129238893581,img_183.jpg
17/04/2022 23:09:57,26.962026748653543,104.89784284880476,img_184.jpg
17/04/2022 23:10:23,28.15047675564156,106.09464240593903,img_185.jpg
17/04/2022 23:10:48,29.32174472417497,107.31574568427521,img_186.jpg
17/04/2022 23:11:14,30.49936459208129,108.58936703466803,img_187.jpg
17/04/2022 23:11:40,31.659540059807412,109.89381338145625,img_188.jpg
17/04/2022 23:12:06,32.800195134719104,111.22951959723856,img_189.jpg
17/04/2022 23:12:32,33.911313378698694,112.58685613898103,img_190.jpg
17/04/2022 23:12:57,35.020904294884794,114.00384105200926,img_191.jpg
17/04/2022 23:13:23,36.110095239710766,115.46139496391592,img_192.jpg
17/04/2022 23:13:49,37.17822580178055,116.96245927811597,img_193.jpg
17/04/2022 23:14:15,38.20626311063553,118.4823894332966,img_194.jpg
17/04/2022 23:14:40,39.20951483277771,120.04572418263803,img_195.jpg
17/04/2022 23:15:06,40.189056288983835,121.65830363178452,img_196.jpg
17/04/2022 23:15:31,41.141454719437434,123.31890758109431,img_197.jpg
17/04/2022 23:15:56,42.06868815350097,125.03591893121872,img_198.jpg
17/04/2022 23:16:22,42.962747207855315,126.79917885860856,img_199.jpg
17/04/2022 23:16:47,43.82989139184621,128.6262937535633,img_200.jpg
17/04/2022 23:17:13,44.66234896903545,130.50680228259102,img_201.jpg
17/04/2022 23:17:39,45.47115794633184,132.4739099043567,img_202.jpg
17/04/2022 23:18:05,46.232940933061315,134.47722896992755,img_203.jpg
17/04/2022 23:18:30,46.95145194889772,136.52852568015,img_204.jpg
17/04/2022 23:18:56,47.627701713845525,138.6349433690673,img_205.jpg
17/04/2022 23:19:21,48.25697745134166,140.78575423186254,img_206.jpg
17/04/2022 23:19:46,48.84164808118116,142.99350451863842,img_207.jpg
17/04/2022 23:20:12,49.37860183818482,145.25239003339084,img_208.jpg
17/04/2022 23:20:37,49.86517047942108,147.55580181940192,img_209.jpg
17/04/2022 23:21:02,50.30220871312276,149.9139822428236,img_210.jpg
17/04/2022 23:21:28,50.68508925163555,152.30780101758228,img_211.jpg
17/04/2022 23:21:53,51.01343036868229,154.7383714844603,img_212.jpg
17/04/2022 23:22:19,51.28647388525879,157.206260764236,img_213.jpg
17/04/2022 23:22:44,51.502547025379336,159.7037586910475,img_214.jpg
17/04/2022 23:23:09,51.66078417146206,162.23002424880664,img_215.jpg
17/04/2022 23:23:35,51.759651676304124,164.7682833894524,img_216.jpg
17/04/2022 23:24:00,51.79888679313505,167.31099213719588,img_217.jpg
17/04/2022 23:24:26,51.77872497277505,169.84269521785748,img_218.jpg
17/04/2022 23:24:51,51.6989913101325,172.38247606282098,img_219.jpg
17/04/2022 23:25:17,51.55802084896269,174.9392177956283,img_220.jpg
17/04/2022 23:25:43,51.354205089199375,177.50739545298617,img_221.jpg
17/04/2022 23:26:10,51.080210408839115,-179.86871443464025,img_222.jpg
17/04/2022 23:26:35,50.76161071104975,-177.41060999677694,img_223.jpg
17/04/2022 23:27:02,50.36916274520861,-174.88093557614124,img_224.jpg
17/04/2022 23:27:28,49.940191588191276,-172.51254397475245,img_225.jpg
17/04/2022 23:27:53,49.45921327712388,-170.18928723855566,img_226.jpg
17/04/2022 23:28:19,48.92770797887901,-167.91329143680008,img_227.jpg
17/04/2022 23:28:44,48.347875185457156,-165.68879230241262,img_228.jpg
17/04/2022 23:29:10,47.71430557863775,-163.49348490252441,img_229.jpg
17/04/2022 23:29:35,47.04519752631725,-161.38399997392014,img_230.jpg
17/04/2022 23:30:01,46.33472120500442,-159.33207519830714,img_231.jpg
17/04/2022 23:30:27,45.57402503955336,-157.30990543156437,img_232.jpg
17/04/2022 23:30:52,44.78609515941513,-155.37291485772732,img_233.jpg
17/04/2022 23:31:17,43.960679754018464,-153.4877870621345,img_234.jpg
17/04/2022 23:31:43,43.10216307177043,-151.65955008814817,img_235.jpg
17/04/2022 23:32:09,42.208234010126326,-149.87870588789207,img_236.jpg
17/04/2022 23:32:34,41.28511020794847,-148.15311727496172,img_237.jpg
17/04/2022 23:33:00,40.33524127362045,-146.4820603048196,img_238.jpg
17/04/2022 23:33:25,39.344600224012524,-144.83800971305348,img_239.jpg
17/04/2022 23:33:51,38.34137785824631,-143.26341926857575,img_240.jpg
17/04/2022 23:34:17,37.31193952704699,-141.73119907040393,img_241.jpg
17/04/2022 23:34:42,36.26315025599016,-140.2474516980719,img_242.jpg
17/04/2022 23:35:08,35.194586626066986,-138.80727306589657,img_243.jpg
17/04/2022 23:35:34,34.087953019021406,-137.3838870259735,img_244.jpg
17/04/2022 23:35:59,32.962467806049055,-136.00001212915313,img_245.jpg
17/04/2022 23:36:25,31.834301017084194,-134.67088104905253,img_246.jpg
17/04/2022 23:36:51,30.690681607147862,-133.37705007556707,img_247.jpg
17/04/2022 23:37:16,29.533087719000466,-132.1170305448627,img_248.jpg
17/04/2022 23:37:42,28.365778072791453,-130.89224940029433,img_249.jpg
17/04/2022 23:38:07,27.188914930856484,-129.69972124021993,img_250.jpg
17/04/2022 23:38:33,25.99900946472116,-128.53320596062352,img_251.jpg
17/04/2022 23:38:58,24.799968633550797,-127.39403653527324,img_252.jpg
17/04/2022 23:39:24,23.57620306809208,-126.26556762839103,img_253.jpg
17/04/2022 23:39:49,22.35692370740956,-125.17249620647124,img_254.jpg
17/04/2022 23:40:15,21.125527534743988,-124.09737322196524,img_255.jpg
17/04/2022 23:40:40,19.88891334486587,-123.0441929679946,img_256.jpg
17/04/2022 23:41:05,18.64162869662081,-122.00635677212473,img_257.jpg
17/04/2022 23:41:31,17.38767426192046,-120.98539677224842,img_258.jpg
17/04/2022 23:41:56,16.12821268433746,-119.9804248657638,img_259.jpg
17/04/2022 23:42:22,14.85780241392603,-118.98545445375663,img_260.jpg
17/04/2022 23:42:48,13.544604651617938,-117.9747104463459,img_261.jpg
17/04/2022 23:43:14,12.26268478460271,-117.00354694602456,img_262.jpg
17/04/2022 23:43:39,10.976649637887082,-116.04289242036369,img_263.jpg
17/04/2022 23:44:05,9.688767642493254,-115.09287081283468,img_264.jpg
17/04/2022 23:44:31,8.391838520280071,-114.14671612314612,img_265.jpg
17/04/2022 23:44:56,7.095090671150115,-113.20972298230454,img_266.jpg
17/04/2022 23:45:22,5.793312612968633,-112.27667617813611,img_267.jpg
17/04/2022 23:45:47,4.4941310667638685,-111.35161333480242,img_268.jpg
17/04/2022 23:46:13,3.1916697620775087,-110.42893851546148,img_269.jpg
17/04/2022 23:46:38,1.8909280408525995,-109.51081660087775,img_270.jpg
17/04/2022 23:47:04,0.571882536723472,-108.5817790769679,img_271.jpg
17/04/2022 23:47:30,-0.7259925542133334,-107.66826093217439,img_272.jpg
17/04/2022 23:47:55,-2.0226702033460695,-106.75484523577082,img_273.jpg
17/04/2022 23:48:21,-3.3193841899177867,-105.83932431903564,img_274.jpg
17/04/2022 23:48:46,-4.613743910925709,-104.92204389049715,img_275.jpg
17/04/2022 23:49:12,-5.906520911715374,-104.00110868301266,img_276.jpg
17/04/2022 23:49:37,-7.198971664349105,-103.0742427829586,img_277.jpg
17/04/2022 23:50:03,-8.49093990001772,-102.14013507988558,img_278.jpg
17/04/2022 23:50:28,-9.783301659762401,-101.19667455996291,img_279.jpg
17/04/2022 23:50:55,-11.114079602973622,-100.21406681372697,img_280.jpg
17/04/2022 23:51:20,-12.403311019616082,-99.2497486930048,img_281.jpg
17/04/2022 23:51:46,-13.684546308786553,-98.27765097942898,img_282.jpg
17/04/2022 23:52:11,-14.958927085533883,-97.29540978020745,img_283.jpg
17/04/2022 23:52:37,-16.24338210571782,-96.28805708910711,img_284.jpg
17/04/2022 23:53:03,-17.503312028519378,-95.28108851367973,img_285.jpg
17/04/2022 23:53:28,-18.755739780071924,-94.25958964213697,img_286.jpg
17/04/2022 23:53:54,-20.023666912959452,-93.2023923295803,img_287.jpg
17/04/2022 23:54:20,-21.273758513659114,-92.13499836404125,img_288.jpg
17/04/2022 23:54:46,-22.50047167430675,-91.06090713060873,img_289.jpg
17/04/2022 23:55:11,-23.71849579323415,-89.96568850103415,img_290.jpg
17/04/2022 23:55:37,-24.967112450087487,-88.81027282463556,img_291.jpg
17/04/2022 23:56:04,-26.21583156092978,-87.6183177608943,img_292.jpg
17/04/2022 23:56:30,-27.436744984151346,-86.41406230677218,img_293.jpg
17/04/2022 23:56:57,-28.659827017620174,-85.16518563915089,img_294.jpg
17/04/2022 23:57:23,-29.854003542427833,-83.90054131093709,img_295.jpg
17/04/2022 23:57:49,-31.031420258588895,-82.60523608687447,img_296.jpg
17/04/2022 23:58:15,-32.19390321310799,-81.27418278194774,img_297.jpg
17/04/2022 23:58:41,-33.340854760669465,-79.90458343226466,img_298.jpg
17/04/2022 23:59:08,-34.485468411426,-78.47575667626553,img_299.jpg
17/04/2022 23:59:34,-35.59286253890296,-77.02765232853952,img_300.jpg
18/04/2022 00:00:01,-36.679580653041604,-75.53630041903692,img_301.jpg
18/04/2022 00:00:27,-37.757877704969616,-73.97928643716959,img_302.jpg
18/04/2022 00:00:53,-38.79768209915476,-72.39578600674686,img_303.jpg
18/04/2022 00:01:19,-39.80754234305626,-70.77062488530628,img_304.jpg
18/04/2022 00:01:46,-40.79433047962462,-69.08820009955339,img_305.jpg
18/04/2022 00:02:12,-41.74821254901322,-67.36054549003481,img_306.jpg
18/04/2022 00:02:38,-42.68706618203996,-65.54816843290574,img_307.jpg
18/04/2022 00:03:04,-43.5788425513938,-63.70747454392222,img_308.jpg
18/04/2022 00:03:31,-44.44711470245043,-61.78479330231449,img_309.jpg
18/04/2022 00:03:57,-45.2691060285116,-59.824595886511396,img_310.jpg
18/04/2022 00:04:23,-46.0485841305882,-57.81575635094513,img_311.jpg
18/04/2022 00:04:49,-46.78910770257347,-55.74405550125224,img_312.jpg
18/04/2022 00:05:15,-47.48630440369852,-53.61557639384278,img_313.jpg
18/04/2022 00:05:41,-48.14096653686977,-51.42114630554155,img_314.jpg
18/04/2022 00:06:07,-48.74815985570744,-49.17020080024679,img_315.jpg
18/04/2022 00:06:33,-49.30433983883982,-46.870936614509695,img_316.jpg
18/04/2022 00:07:00,-49.81000138133711,-44.5158104990533,img_317.jpg
18/04/2022 00:07:26,-50.26195971522238,-42.11329573240208,img_318.jpg
18/04/2022 00:07:52,-50.65819555161467,-39.66925427272969,img_319.jpg
18/04/2022 00:08:18,-51.00286627020206,-37.143140892875316,img_320.jpg
18/04/2022 00:08:44,-51.28313947228591,-34.62303071678172,img_321.jpg
18/04/2022 00:09:11,-51.507204732177435,-32.02819807336674,img_322.jpg
18/04/2022 00:09:37,-51.666579240526886,-29.44713017729343,img_323.jpg
18/04/2022 00:10:03,-51.764202390967974,-26.844544457818063,img_324.jpg
18/04/2022 00:10:30,-51.79915836045195,-24.212644700521054,img_325.jpg
18/04/2022 00:10:56,-51.770006012983316,-21.571407560011025,img_326.jpg
18/04/2022 00:11:22,-51.678804226229204,-18.982641258335086,img_327.jpg
18/04/2022 00:11:49,-51.52323880826339,-16.369192712060556,img_328.jpg
18/04/2022 00:12:15,-51.30474913074841,-13.775360302960308,img_329.jpg
18/04/2022 00:12:41,-51.02855250687121,-11.243684064143926,img_330.jpg
18/04/2022 00:13:07,-50.695478369997446,-8.759934260998971,img_331.jpg
18/04/2022 00:13:33,-50.30501409046709,-6.3118413139162355,img_332.jpg
18/04/2022 00:14:00,-49.85048050406583,-3.863639015479583,img_333.jpg
18/04/2022 00:14:26,-49.340622771228645,-1.4659125211210642,img_334.jpg
18/04/2022 00:14:52,-48.786670860705385,0.8418776814010077,img_335.jpg
18/04/2022 00:15:19,-48.172858288086644,3.1314155592973916,img_336.jpg
18/04/2022 00:15:45,-47.51990825254171,5.330850725643858,img_337.jpg
18/04/2022 00:16:11,-46.82376559388356,7.4656092576302315,img_338.jpg
18/04/2022 00:16:37,-46.08445381337531,9.542367875697273,img_339.jpg
18/04/2022 00:17:04,-45.302152230529806,11.565696085503868,img_340.jpg
18/04/2022 00:17:30,-44.482793744156965,13.525892939890385,img_341.jpg
18/04/2022 00:17:56,-43.6138950976145,15.455753363360595,img_342.jpg
18/04/2022 00:18:23,-42.710936328655166,17.323839483486378,img_343.jpg
18/04/2022 00:18:49,-41.78909743331387,19.10748517016849,img_344.jpg
18/04/2022 00:19:15,-40.83522637388229,20.839798976563454,img_345.jpg
18/04/2022 00:19:42,-39.82452382411225,22.566121424466726,img_346.jpg
18/04/2022 00:20:08,-38.782571616637625,24.243150887386644,img_347.jpg
18/04/2022 00:20:34,-37.749406639147566,25.815673928597377,img_348.jpg
18/04/2022 00:21:01,-36.67510537081283,27.366536755588317,img_349.jpg
18/04/2022 00:21:27,-35.571029632756165,28.880929291188885,img_350.jpg
18/04/2022 00:21:54,-34.4517721389388,30.34294158329174,img_351.jpg
18/04/2022 00:22:20,-33.31264271060815,31.763283347812344,img_352.jpg
18/04/2022 00:22:47,-32.15383018862981,33.145405911585215,img_353.jpg
18/04/2022 00:23:13,-30.97519253060962,34.49280499764895,img_354.jpg
18/04/2022 00:23:39,-29.799389034633737,35.784094388883666,img_355.jpg
18/04/2022 00:24:06,-28.607053470033513,37.04481485160592,img_356.jpg
18/04/2022 00:24:32,-27.37063103400221,38.30526789116649,img_357.jpg
18/04/2022 00:24:59,-26.13298488744948,39.52368692556737,img_358.jpg
18/04/2022 00:25:25,-24.88358117666751,40.71389766620105,img_359.jpg
18/04/2022 00:25:51,-23.645052248753995,41.85796346609868,img_360.jpg
18/04/2022 00:26:18,-22.397613573562186,42.9775664305111,img_361.jpg
18/04/2022 00:26:44,-21.099326311618128,44.111198919488544,img_362.jpg
18/04/2022 00:27:11,-19.80527336443613,45.2120732480414,img_363.jpg
18/04/2022 00:27:37,-18.510670917077004,46.287166000761665,img_364.jpg
18/04/2022 00:28:04,-17.225727680202912,47.33078655757076,img_365.jpg
18/04/2022 00:28:30,-15.89559624049368,48.38894550410613,img_366.jpg
18/04/2022 00:28:56,-14.596872117104237,49.40258919208161,img_367.jpg
18/04/2022 00:29:23,-13.27031627701374,50.42016597512401,img_368.jpg
18/04/2022 00:29:49,-11.961225647886183,51.408684916601096,img_369.jpg
18/04/2022 00:30:16,-10.631321886505397,52.398883366132715,img_370.jpg
18/04/2022 00:30:42,-9.295071455155814,53.38137896576896,img_371.jpg
18/04/2022 00:31:08,-7.975668963942571,54.340970653793754,img_372.jpg
18/04/2022 00:31:34,-6.635132787359524,55.306896582577586,img_373.jpg
18/04/2022 00:32:01,-5.310525362050131,56.253981168998145,img_374.jpg
18/04/2022 00:32:27,-3.9627288035565655,57.21170698525552,img_375.jpg
18/04/2022 00:32:53,-2.618571555865359,58.162422982532476,img_376.jpg
18/04/2022 00:33:19,-1.291475654723404,59.09822035302658,img_377.jpg
18/04/2022 00:33:46,0.05708960153869773,60.04774472870754,img_378.jpg
18/04/2022 00:34:12,1.3867010426435074,60.98398614293882,img_379.jpg
18/04/2022 00:34:38,2.726745069530518,61.929104112393404,img_380.jpg
18/04/2022 00:35:04,4.064033563038233,62.87528532428337,img_381.jpg
18/04/2022 00:35:30,5.395540019670984,63.8218440629007,img_382.jpg
18/04/2022 00:35:57,6.745013512915038,64.7872704428876,img_383.jpg
18/04/2022 00:36:23,8.073647374381196,65.74533978241055,img_384.jpg
18/04/2022 00:36:50,9.4204491815351,66.72579347167911,img_385.jpg
18/04/2022 00:37:16,10.743428302978682,67.699661456535,img_386.jpg
18/04/2022 00:37:43,12.094531898666892,68.70701903077311,img_387.jpg
18/04/2022 00:38:09,13.426286213362351,69.71444495616211,img_388.jpg
18/04/2022 00:38:35,14.734146895706658,70.71968676226456,img_389.jpg
18/04/2022 00:39:02,16.05070539034203,71.74950987739864,img_390.jpg
18/04/2022 00:39:28,17.34371504848961,72.78045069304612,img_391.jpg
18/04/2022 00:39:54,18.64939571029567,73.84337017515327,img_392.jpg
18/04/2022 00:40:21,19.96953470757134,74.94287495013955,img_393.jpg
18/04/2022 00:40:48,21.267598308232376,76.05095690885223,img_394.jpg
18/04/2022 00:41:13,22.496816206872246,77.12749505651487,img_395.jpg
18/04/2022 00:41:39,23.71989396965184,78.22760514375811,img_396.jpg
18/04/2022 00:42:04,24.934859599677328,79.35184099148682,img_397.jpg
18/04/2022 00:42:30,26.138703522942574,80.49973003037077,img_398.jpg
18/04/2022 00:42:55,27.329658060173514,81.67187010588485,img_399.jpg
18/04/2022 00:43:21,28.51104842811113,82.87408320739671,img_400.jpg
18/04/2022 00:43:46,29.680724318589295,84.1070190003226,img_401.jpg
18/04/2022 00:44:12,30.834570554449588,85.36908365314822,img_402.jpg
18/04/2022 00:44:37,31.972199200335172,86.66257264858065,img_403.jpg
18/04/2022 00:45:03,33.095812966098904,87.99310214939372,img_404.jpg
18/04/2022 00:45:28,34.200876767375156,89.35855787838648,img_405.jpg
18/04/2022 00:45:54,35.29003342340281,90.7656795684903,img_406.jpg
18/04/2022 00:46:19,36.355016487400455,92.20713330904748,img_407.jpg
18/04/2022 00:46:45,37.400047018497915,93.69198995643485,img_408.jpg
18/04/2022 00:47:10,38.42446868339471,95.22346665331595,img_409.jpg
18/04/2022 00:47:36,39.424426537397736,96.79997288148557,img_410.jpg
18/04/2022 00:48:01,40.400417808804264,98.42663318173672,img_411.jpg
18/04/2022 00:48:27,41.347894149106494,100.10025394913487,img_412.jpg
18/04/2022 00:48:52,42.26869813267431,101.82876775726712,img_413.jpg
18/04/2022 00:49:18,43.17119601266768,103.63532465044288,img_414.jpg
18/04/2022 00:49:44,44.02945601876634,105.47316753363863,img_415.jpg
